{"cameraMode":{"drawMode":0,"name":"Shaded","section":"Shading Mode"},"sceneLighting":true,"audioPlay":false,"sceneViewState":{"m_AlwaysRefresh":false,"showFog":true,"showSkybox":true,"showFlares":true,"showImageEffects":true,"showParticleSystems":true,"showVisualEffectGraphs":true,"m_FxEnabled":true},"in2DMode":false,"pivot":{"x":27.337783813476564,"y":10.80112361907959,"z":-52.2269401550293},"rotation":{"x":-0.09366315603256226,"y":-0.014836795628070832,"z":0.0013969503343105317,"w":-0.9955072402954102},"size":14.8059663772583,"orthographic":false}