{"cameraMode":{"drawMode":0,"name":"Shaded","section":"Shading Mode"},"sceneLighting":true,"audioPlay":false,"sceneViewState":{"m_AlwaysRefresh":false,"showFog":true,"showSkybox":true,"showFlares":true,"showImageEffects":true,"showParticleSystems":true,"showVisualEffectGraphs":true,"m_FxEnabled":true},"in2DMode":false,"pivot":{"x":-1.4630056619644166,"y":2.9107329845428469,"z":-2.8955957889556886},"rotation":{"x":0.06290430575609207,"y":0.04190525785088539,"z":-0.002649473724886775,"w":0.9971569180488586},"size":3.8416168689727785,"orthographic":true}