{"cameraMode":{"drawMode":0,"name":"Shaded","section":"Shading Mode"},"sceneLighting":false,"audioPlay":false,"sceneViewState":{"m_AlwaysRefresh":false,"showFog":true,"showSkybox":false,"showFlares":true,"showImageEffects":true,"showParticleSystems":true,"showVisualEffectGraphs":true,"m_FxEnabled":true},"in2DMode":false,"pivot":{"x":3.2534971237182619,"y":0.8159483075141907,"z":-0.7345879077911377},"rotation":{"x":-0.26080483198165896,"y":0.11560627818107605,"z":-0.031479984521865848,"w":-0.9579610824584961},"size":0.8252432942390442,"orthographic":false}